{"cameraMode":{"drawMode":0,"name":"Shaded","section":"Shading Mode"},"sceneLighting":true,"audioPlay":false,"sceneViewState":{"m_AlwaysRefresh":false,"showFog":true,"showSkybox":true,"showFlares":true,"showImageEffects":true,"showParticleSystems":true,"showVisualEffectGraphs":true,"m_FxEnabled":true},"in2DMode":false,"pivot":{"x":5.650000095367432,"y":5.309999942779541,"z":2.630000114440918},"rotation":{"x":-0.016808010637760164,"y":-0.008717641234397889,"z":0.0001389078825013712,"w":-0.9998345971107483},"size":9.168155670166016,"orthographic":true}