{"cameraMode":{"drawMode":0,"name":"Shaded","section":"Shading Mode"},"sceneLighting":true,"audioPlay":false,"sceneViewState":{"m_AlwaysRefresh":false,"showFog":true,"showSkybox":true,"showFlares":true,"showImageEffects":true,"showParticleSystems":true,"showVisualEffectGraphs":true,"m_FxEnabled":true},"in2DMode":false,"pivot":{"x":1.315454363822937,"y":2.6717324256896974,"z":11.730612754821778},"rotation":{"x":-0.10362444818019867,"y":-0.0012132275151088834,"z":0.00011981454736087471,"w":-0.9946352243423462},"size":15.738608360290528,"orthographic":true}