{"cameraMode":{"drawMode":0,"name":"Shaded","section":"Shading Mode"},"sceneLighting":true,"audioPlay":false,"sceneViewState":{"m_AlwaysRefresh":false,"showFog":true,"showSkybox":true,"showFlares":true,"showImageEffects":true,"showParticleSystems":true,"showVisualEffectGraphs":true,"m_FxEnabled":true},"in2DMode":false,"pivot":{"x":11.482159614562989,"y":8.486776351928711,"z":37.842445373535159},"rotation":{"x":-0.001558232121169567,"y":-0.9984309077262878,"z":0.0362679623067379,"w":-0.04285256564617157},"size":6.129724979400635,"orthographic":false}